{"cameraMode":{"drawMode":0,"name":"Shaded","section":"Shading Mode"},"sceneLighting":true,"audioPlay":false,"sceneViewState":{"m_AlwaysRefresh":false,"showFog":true,"showSkybox":true,"showFlares":true,"showImageEffects":true,"showParticleSystems":true,"showVisualEffectGraphs":true,"m_FxEnabled":true},"in2DMode":false,"pivot":{"x":1.9532804489135743,"y":-1.2031917572021485,"z":-1.3856863975524903},"rotation":{"x":-0.15899819135665894,"y":-0.7832015752792358,"z":0.22309845685958863,"w":-0.5581941604614258},"size":4.768253326416016,"orthographic":false}