{"cameraMode":{"drawMode":0,"name":"Shaded","section":"Shading Mode"},"sceneLighting":true,"audioPlay":false,"sceneViewState":{"m_AlwaysRefresh":false,"showFog":true,"showSkybox":true,"showFlares":true,"showImageEffects":true,"showParticleSystems":true,"showVisualEffectGraphs":true,"m_FxEnabled":true},"in2DMode":false,"pivot":{"x":-0.25531113147735598,"y":0.2191309928894043,"z":2.520007371902466},"rotation":{"x":-0.2165973037481308,"y":0.26186907291412356,"z":-0.0604344941675663,"w":-0.9385423064231873},"size":1.7020764350891114,"orthographic":false}