{"cameraMode":{"drawMode":0,"name":"Shaded","section":"Shading Mode"},"sceneLighting":true,"audioPlay":false,"sceneViewState":{"m_AlwaysRefresh":false,"showFog":true,"showSkybox":true,"showFlares":true,"showImageEffects":true,"showParticleSystems":true,"showVisualEffectGraphs":true,"m_FxEnabled":true},"in2DMode":false,"pivot":{"x":-1.7201427221298218,"y":2.211439847946167,"z":0.31161531805992129},"rotation":{"x":-0.01670975424349308,"y":0.9699050188064575,"z":-0.23273082077503205,"w":-0.0696662962436676},"size":0.035825058817863467,"orthographic":false}