{"cameraMode":{"drawMode":0,"name":"Shaded","section":"Shading Mode"},"sceneLighting":true,"audioPlay":false,"sceneViewState":{"m_AlwaysRefresh":false,"showFog":true,"showSkybox":true,"showFlares":true,"showImageEffects":true,"showParticleSystems":true,"showVisualEffectGraphs":true,"m_FxEnabled":true},"in2DMode":false,"pivot":{"x":-10.912816047668457,"y":-6.030163764953613,"z":-23.438535690307618},"rotation":{"x":0.005303277634084225,"y":0.9792361259460449,"z":-0.2010512351989746,"w":0.02585732750594616},"size":19.421348571777345,"orthographic":false}