{"cameraMode":{"drawMode":0,"name":"Shaded","section":"Shading Mode"},"sceneLighting":true,"audioPlay":false,"sceneViewState":{"m_AlwaysRefresh":false,"showFog":true,"showSkybox":true,"showFlares":true,"showImageEffects":true,"showParticleSystems":true,"showVisualEffectGraphs":true,"m_FxEnabled":true},"in2DMode":false,"pivot":{"x":-2.070509433746338,"y":-0.46911144256591799,"z":-3.465786933898926},"rotation":{"x":-0.47897079586982729,"y":-0.009503302164375782,"z":0.0052091157995164398,"w":-0.8777957558631897},"size":2.5694692134857179,"orthographic":false}