{"cameraMode":{"drawMode":0,"name":"Shaded","section":"Shading Mode"},"sceneLighting":true,"audioPlay":false,"sceneViewState":{"m_AlwaysRefresh":false,"showFog":true,"showSkybox":true,"showFlares":true,"showImageEffects":true,"showParticleSystems":true,"showVisualEffectGraphs":true,"m_FxEnabled":true},"in2DMode":false,"pivot":{"x":0.07159005105495453,"y":0.12733560800552369,"z":-0.07181334495544434},"rotation":{"x":-0.05786418169736862,"y":0.9015552401542664,"z":-0.4094519019126892,"w":-0.1273999661207199},"size":0.45362547039985659,"orthographic":false}