{"cameraMode":{"drawMode":0,"name":"Shaded","section":"Shading Mode"},"sceneLighting":true,"audioPlay":false,"sceneViewState":{"m_AlwaysRefresh":false,"showFog":true,"showSkybox":true,"showFlares":true,"showImageEffects":true,"showParticleSystems":true,"showVisualEffectGraphs":true,"m_FxEnabled":true},"in2DMode":false,"pivot":{"x":-0.5114818215370178,"y":-0.19937646389007569,"z":-2.4762561321258547},"rotation":{"x":-0.008733615279197693,"y":0.9891097545623779,"z":-0.13164480030536652,"w":-0.06626216322183609},"size":2.0344784259796144,"orthographic":false}