{"cameraMode":{"drawMode":0,"name":"Shaded","section":"Shading Mode"},"sceneLighting":true,"audioPlay":false,"sceneViewState":{"m_AlwaysRefresh":false,"showFog":true,"showSkybox":true,"showFlares":true,"showImageEffects":true,"showParticleSystems":true,"showVisualEffectGraphs":true,"m_FxEnabled":true},"in2DMode":false,"pivot":{"x":-2.6070659160614015,"y":0.5694298148155212,"z":0.4123908281326294},"rotation":{"x":-0.20122401416301728,"y":-0.7513350248336792,"z":0.26540273427963259,"w":-0.5699447989463806},"size":0.5022448897361755,"orthographic":false}