{"cameraMode":{"drawMode":0,"name":"Shaded","section":"Shading Mode"},"sceneLighting":true,"audioPlay":false,"sceneViewState":{"m_AlwaysRefresh":false,"showFog":true,"showSkybox":true,"showFlares":true,"showImageEffects":true,"showParticleSystems":true,"showVisualEffectGraphs":true,"m_FxEnabled":true},"in2DMode":false,"pivot":{"x":-4.520744800567627,"y":0.2633678913116455,"z":-3.4218199253082277},"rotation":{"x":0.034241411834955218,"y":-0.9383977651596069,"z":0.3298335075378418,"w":0.09740202873945236},"size":2.3687264919281008,"orthographic":false}