{"cameraMode":{"drawMode":0,"name":"Shaded","section":"Shading Mode"},"sceneLighting":true,"audioPlay":false,"sceneViewState":{"m_AlwaysRefresh":false,"showFog":true,"showSkybox":true,"showFlares":true,"showImageEffects":true,"showParticleSystems":true,"showVisualEffectGraphs":true,"m_FxEnabled":true},"in2DMode":false,"pivot":{"x":0.17111466825008393,"y":-0.8011355400085449,"z":0.9113785028457642},"rotation":{"x":0.439614862203598,"y":-0.033780787140131,"z":0.016489766538143159,"w":0.8974311947822571},"size":1.4797967672348023,"orthographic":false}