{"cameraMode":{"drawMode":0,"name":"Shaded","section":"Shading Mode"},"sceneLighting":true,"audioPlay":false,"sceneViewState":{"m_AlwaysRefresh":false,"showFog":true,"showSkybox":true,"showFlares":true,"showImageEffects":true,"showParticleSystems":true,"showVisualEffectGraphs":true,"m_FxEnabled":true},"in2DMode":false,"pivot":{"x":-0.4613226652145386,"y":-0.12123587727546692,"z":-0.15553617477416993},"rotation":{"x":-0.11949032545089722,"y":0.813548743724823,"z":-0.18005244433879853,"w":-0.5398787260055542},"size":0.4428536593914032,"orthographic":false}